数据结构,456789,4,5
汪曾祺精品集（套装三册）,9787521225600,10,117,1234,1234
人间有味（作家精品集）,9787521208511,10,39
受戒（作家精品集）,9787521208528,10,39
人间草木,9787521208504,10,39,4567
彼得-潘,9787513333313,10,138
老残游记,9787558551307,10,46.8,4567
红楼梦（上下）,9787572234804,10,76.7,4567
中国古典四大名著漫画注音版（全四册）,9787555719328,10,198
三国演义（足本插图版 上下）,9787206176807,10,98
水浒传（足本插图版 上下）,9787206176821,10,138
西游记（上下）,9787521216202,10,78
中医四大名著（全4卷）,9787515222738,10,498,4567
水浒传（校注本）,9787553114446,10,180
红楼梦（校注本）,9787553114439,10,180
三国演义（校注本）,9787553114460,10,160
西游记（校注本）,9787553114453,10,160
少儿读经典 四大名著,9787517136767,10,192,4567
西游记立体书（共8册）,9787533781316,10,320,4567
西游记,9787546104935,10,12.5
名家名作阅读课程化书系系列（共4册）,9787540875138,10,111.2
红楼梦+水浒传+西游记+三国演义 共4册,9787558190186,10,119.2,4567
中国古典文学名著悦读系列 水浒传 青少年插图版,9787516826720,10,35
中国古典文学名著悦读系列 西游记 青少年插图版,9787516826737,10,35
中国古典文学名著悦读系列 红楼梦 青少年插图版,9787516826690,10,35,4567
三国演义+西游记+水浒传+红楼梦（共8册）,9787570216352,10,240
牛虻,9787545570021,10,49.8
鲁滨孙漂流记,9787545569919,10,39.8
少年维特之烦恼,9787545569933,10,29.8
普希金诗选,9787545569971,10,39.8
小王子,9787545570687,10,29.8
爱的教育,9787545570014,10,49.8
简 爱,9787545569957,10,59.8
高老头,9787545570182,10,39.8,4567
莫泊桑短篇小说选,9787545569940,10,49.8
柳林风声,9787545569889,10,29.8
小王子+小王子：立体书 共2册,9787548946656,10,367.8
一个陌生女人的来信（2024）,9787222221826,10,32
少年不老,9787505756991,10,49.8
布丁里的银纽扣,9787532187751,10,25
民与美,9787519052362,10,52
漫长的道别（精装）,9787540794125,10,68
欧-亨利短篇小说精选（精）,9787551324441,10,52
了不起的盖茨比（插图珍藏版）,9787559478405,10,99
小说：白痴（上下）,9787531758945,10,99
歌德精选集：歌德谈话录（上、下）,9787554572900,10,99
歌德精选集：少年维特的烦恼,9787554572887,10,49
歌德精选集：浮士德（上、下）,9787554572894,10,119
歌德精选集：迷娘曲,9787554572924,10,69
